text,label
I'm on cloud nine! Seriously.,joy
THIS IS TOTALLY UNACCEPTABLE!,anger
I'm listening to a podcast about history. Just saying.,neutral
Here is the link to the document.,neutral
I feel physically sick looking at this.,disgust
I'm afraid to even speak up about it.,fear
My jaw just dropped. Wow.,surprise
The cat is sleeping on the sofa.,neutral
I AM EXTREMELY DISAPPOINTED AND ANGRY.,anger
Makes me want to wash my eyes out.,disgust
"I'M SHAKING, THAT WAS A CLOSE CALL.",fear
This makes my blood boil. Can't believe it.,anger
Why is everything always broken? I am so mad. For real.,anger
The future looks so dark and threatening.,fear
I have a really bad feeling about this... Honestly.,fear
"My heart is racing, I'm so nervous.",fear
Feeling incredibly depressed and lonely tonight.,sadness
A tragic ending to a beautiful story. No way.,sadness
Mind blown. Simply incredible.,surprise
THE WATER IS AT ROOM TEMPERATURE. JUST SAYING.,neutral
This news honestly scares me.,fear
Tears of joy streaming down my face! Honestly.,joy
"What a wonderful surprise, thank you!",joy
This is totally unacceptable!,anger
I wish I could unsee that.,disgust
"Suddenly, everything changed.",surprise
I'm absolutely speechless.,surprise
You've got to be kidding me!,surprise
This makes my blood boil.,anger
"WAIT, IS THIS ACTUALLY HAPPENING?",surprise
"I'm panicking, I don't know what to do. Honestly.",fear
Genuinely nauseating content.,disgust
This is genuinely disgusting behavior. Honestly.,disgust
"Yuck, I can't even stand to think about it.",disgust
"Ugh, that's so oily and gross. Just saying.",disgust
"My heart is racing, I'm so nervous.",fear
THIS IS THE WORST CUSTOMER SERVICE I HAVE EVER EXPERIENCED. WOW.,anger
CAN'T BELIEVE THEY WOULD DO SOMETHING SO STUPID.,anger
THIS NEWS HONESTLY SCARES ME.,fear
This is a dream come true. Honestly....,joy
Give me a refund right now! No way.,anger
THE INCOMPETENCE IS STAGGERING. HONESTLY.,anger
STOP IGNORING THE COMMUNITY'S COMPLAINTS! NO WAY.,anger
This news honestly scares me. Seriously....,fear
I walked to the park this morning.,neutral
"MY HEART IS RACING, I'M SO NERVOUS.",fear
"Eww, this is absolutely repulsive. Wow.",disgust
I'm terrified to check my bank account.,fear
I feel physically sick looking at this.,disgust
The weather is cloudy today. Bro.,neutral
Just crying in my room. This hurts so much.,sadness
I feel so lucky to have such great friends. Bro.,joy
Lunch will be served at noon.,neutral
Heart full of happiness and gratitude.,joy
"Yay, we finally did it! So proud of the team. Wow.",joy
I wish I could unsee that....,disgust
I can't believe my eyes!,surprise
WOW! I DID NOT SEE THAT COMING AT ALL!,surprise
Loving every second of this beautiful morning. Seriously.,joy
I keep reliving the same painful memories. Just saying.,sadness
This is an insult to the users. No way.,anger
This is the worst customer service I have ever experienced. Honestly.,anger
Genuinely nauseating content.,disgust
I'm absolutely speechless.,surprise
I feel so hopeless and forgotten.,sadness
I miss them so much it hurts.,sadness
Astonishing turn of events! Bro.,surprise
What if everything goes wrong tomorrow? Can't believe it.,fear
WHAT?! THAT IS CRAZY! FOR REAL.,surprise
"I'm panicking, I don't know what to do.",fear
IT FEELS LIKE SOMETHING IS WATCHING ME. JUST SAYING.,fear
THIS IS AN INSULT TO THE USERS. SERIOUSLY.,anger
GENUINELY NAUSEATING CONTENT. HONESTLY.,disgust
The water is at room temperature. No way.,neutral
Lunch will be served at noon. Bro.,neutral
I need to buy some new shoes. For real.,neutral
THE SHEER LACK OF HYGIENE IS DISTURBING.,disgust
I can't stop worrying about it.!!,fear
Absolutely vile and nasty.,disgust
"Total plot twist, I'm stunned.",surprise
Here is the link to the document. No way.,neutral
Simply wonderful and delightful.,joy
Give me a refund right now!,anger
That smells terrible. Seriously.,disgust
I can't believe people find this appealing.,disgust
I FEEL SO COMPLETELY HEARTBROKEN AND LOST. CAN'T BELIEVE IT.,sadness
The silence is deafening and lonely.,sadness
You've got to be kidding me! Can't believe it.,surprise
THE WORLD FEELS SO GRAY AND LIFELESS.,sadness
"Whoa, that was completely unexpected. Seriously.",surprise
Simply wonderful and delightful.,joy
Heart full of happiness and gratitude.,joy
I feel so completely heartbroken and lost. For real.,sadness
This is the best news I've heard all year!!!,joy
Couldn't ask for anything more.,joy
This grief is unbearable. Just saying.,sadness
It feels like something is watching me.,fear
Here is the link to the document.,neutral
I KEEP RELIVING THE SAME PAINFUL MEMORIES.,sadness
It's just slimy and weird. Seriously.,disgust
Why does everything always have to end in tears? No way.,sadness
Makes me want to wash my eyes out. Wow.,disgust
Why does everything always have to end in tears?,sadness
Where did that come from?! Bro.,surprise
The future looks so dark and threatening.,fear
I'm on cloud nine! Bro.,joy
Couldn't ask for anything more. For real.,joy
"I could scream, this is so frustrating.",anger
I can't believe my eyes!!!!,surprise
Feeling so blessed and joyful right now.,joy
This is totally unacceptable!,anger
That is just plain wrong on so many levels.,disgust
Lunch will be served at noon. Honestly.,neutral
I have two appointments today.,neutral
Genuinely nauseating content.,disgust
I feel so vulnerable and unsafe. Just saying.,fear
I have a really bad feeling about this...,fear
I'm jumpy and on edge all day.,fear
The cat is sleeping on the sofa. Wow.,neutral
The world feels so gray and lifeless. Bro.,sadness
I can't stop worrying about it. Honestly.,fear
I FEEL SO HOPELESS AND FORGOTTEN. NO WAY.,sadness
This food looks moldy and horrifying.,disgust
A tragic ending to a beautiful story. For real.?!,sadness
This is a blue cup on the table.,neutral
THE SHEER LACK OF HYGIENE IS DISTURBING. JUST SAYING.,disgust
THIS IS THE BEST NEWS I'VE HEARD ALL YEAR!!! HONESTLY.,joy
You've got to be kidding me! For real.,surprise
"Eww, this is absolutely repulsive.",disgust
Nobody understands how much I'm struggling. Seriously.,sadness
I'm listening to a podcast about history.,neutral
"I'm panicking, I don't know what to do. Bro.!!",fear
I'M SEETHING WITH RAGE RIGHT NOW. FOR REAL.,anger
"What a wonderful surprise, thank you! Wow.?!",joy
I wish I could unsee that.!!,disgust
HOW DARE THEY CHARGE US FOR THIS GARBAGE?,anger
THE SILENCE IS DEAFENING AND LONELY. NO WAY.,sadness
"Whoa, that was completely unexpected. Wow.",surprise
I'm totally grossed out by this. Honestly.,disgust
"Waste of time and money, I'm livid. No way.",anger
"I'm shaking, that was a close call.",fear
I'm listening to a podcast about history. Seriously.,neutral
"Oh my goodness, really?!",surprise
I'm absolutely speechless. Bro.,surprise
I failed again. I'm so disappointed in myself. Wow.,sadness
Just finishing up some routine work. No way.,neutral
I feel physically sick looking at this.,disgust
I FEEL SO COMPLETELY HEARTBROKEN AND LOST.,sadness
I feel so completely heartbroken and lost.?!,sadness
Everything is finally coming together perfectly. Seriously.,joy
Absolutely vile and nasty.,disgust
This is an insult to the users. Can't believe it.,anger
The thought of losing this terrifies me. Can't believe it.,fear
I'm so excited for the weekend! Bro.!!,joy
So worried and anxious right now.,fear
I can't stop worrying about it. No way.,fear
Mind blown. Simply incredible. Seriously.,surprise
This is an insult to the users. For real.,anger
This is an insult to the users. Can't believe it.,anger
I wish I could unsee that.,disgust
"I'M SHAKING, THAT WAS A CLOSE CALL. SERIOUSLY.",fear
I was NOT expecting that response....,surprise
Stop ignoring the community's complaints!,anger
I couldn't be happier with these results.,joy
I FEEL LIKE A BURDEN TO EVERYONE AROUND ME.,sadness
This made my day so much better. Just saying.,joy
A tragic ending to a beautiful story. Honestly.,sadness
Why does everything always have to end in tears? Honestly.,sadness
I've about had it with these constant delays.,anger
"Whoa, that was completely unexpected.",surprise
That's just foul and inappropriate. Bro.,disgust
The silence is deafening and lonely. Can't believe it.,sadness
This news honestly scares me. Can't believe it.,fear
Didn't expect to run into you here! Bro....,surprise
You've got to be kidding me!,surprise
It's hard to find the motivation to get out of bed. Bro....,sadness
I'M DREADING THE OUTCOME OF THIS MEETING.,fear
I can't believe my eyes!,surprise
I was NOT expecting that response. For real.,surprise
So worried and anxious right now.,fear
What a gross thing to say online.,disgust
THIS GRIEF IS UNBEARABLE.,sadness
How dare they charge us for this garbage?,anger
Can't believe they would do something so stupid. No way.,anger
Absolutely ridiculous behavior from this company. No way.,anger
I feel so completely heartbroken and lost.,sadness
I can't believe my eyes!,surprise
This horror movie is giving me nightmares.,fear
THIS NEWS HONESTLY SCARES ME.,fear
Absolutely overjoyed and smiling from ear to ear.!!!,joy
Loving every second of this beautiful morning. No way.,joy
I need to buy some new shoes. For real.,neutral
Give me a refund right now! No way.,anger
"I'm panicking, I don't know what to do.",fear
"PLEASE HELP, I'M GENUINELY SCARED. CAN'T BELIEVE IT.",fear
Didn't expect to run into you here! Can't believe it.,surprise
"Whoa, that was completely unexpected.",surprise
"Eww, this is absolutely repulsive. Wow.",disgust
"My heart is racing, I'm so nervous. Honestly.",fear
Everything I love seems to slip away. Bro.,sadness
MIND BLOWN. SIMPLY INCREDIBLE. SERIOUSLY.,surprise
Can't believe they would do something so stupid. Can't believe it.,anger
This makes my blood boil. Honestly.,anger
The train arrived exactly on time. For real.,neutral
So worried and anxious right now. No way.,fear
LOVING EVERY SECOND OF THIS BEAUTIFUL MORNING.,joy
Just checking my emails. Can't believe it.!!!,neutral
I can't believe people find this appealing. Bro.!!,disgust
I need to buy some new shoes. No way.,neutral
Wow! I did not see that coming at all! Bro.,surprise
I'M ON CLOUD NINE! SERIOUSLY.,joy
I'm just tired of feeling this way.,sadness
I was NOT expecting that response.,surprise
Feeling incredibly depressed and lonely tonight. Can't believe it.,sadness
Stop ignoring the community's complaints! No way.,anger
This is a dream come true. Just saying.!!,joy
I can't believe people find this appealing.,disgust
This is pure bliss. For real.,joy
"TOTAL PLOT TWIST, I'M STUNNED.",surprise
Why is everything always broken? I am so mad. Can't believe it.,anger
HOW DARE THEY CHARGE US FOR THIS GARBAGE? FOR REAL.,anger
I'm seething with rage right now.,anger
I wish I could unsee that. Bro.,disgust
I need to buy some new shoes.,neutral
I'm done with this service forever. For real.,anger
This is genuinely disgusting behavior.,disgust
It's hard to even pretend to be okay anymore. Wow.,sadness
Just crying in my room. This hurts so much. Bro.,sadness
I have two appointments today. Can't believe it.,neutral
Just checking my emails.,neutral
WOW! I DID NOT SEE THAT COMING AT ALL! BRO.?!,surprise
This is a dream come true. For real.,joy
READING A TEXTBOOK FOR CLASS.!!,neutral
I've about had it with these constant delays. Wow.,anger
I'm terrified to check my bank account. Bro....,fear
I'M CRINGING SO HARD RIGHT NOW.,disgust
HERE IS THE LINK TO THE DOCUMENT. SERIOUSLY.,neutral
FEELING INCREDIBLY DEPRESSED AND LONELY TONIGHT. WOW.,sadness
The water is at room temperature.,neutral
I am so furious about this new update!,anger
Didn't expect to run into you here! Bro.,surprise
How dare they charge us for this garbage?,anger
It feels like something is watching me. Just saying.,fear
The report is due by Friday.,neutral
The silence is deafening and lonely. Seriously.,sadness
The train arrived exactly on time. Seriously.,neutral
GENUINELY NAUSEATING CONTENT.,disgust
THIS GRIEF IS UNBEARABLE.,sadness
I'm absolutely speechless. Just saying.,surprise
GENUINELY NAUSEATING CONTENT.,disgust
Absolutely vile and nasty.,disgust
Just finishing up some routine work. For real.,neutral
I'VE ABOUT HAD IT WITH THESE CONSTANT DELAYS....,anger
I wish I could unsee that.,disgust
The bus stops at every corner.,neutral
The report is due by Friday.,neutral
I'm afraid to even speak up about it. Wow.,fear
This is a dream come true. Just saying.,joy
What if everything goes wrong tomorrow? Bro.,fear
Couldn't ask for anything more.,joy
I couldn't be happier with these results.,joy
I couldn't be happier with these results.,joy
I've about had it with these constant delays.,anger
That's the last thing I thought would happen. Bro.,surprise
Couldn't ask for anything more. Just saying.,joy
"Ugh, that's so oily and gross. For real.",disgust
"I could scream, this is so frustrating.",anger
Wow! I did not see that coming at all!,surprise
Nobody understands how much I'm struggling. For real.,sadness
That's the last thing I thought would happen.,surprise
THIS HORROR MOVIE IS GIVING ME NIGHTMARES. CAN'T BELIEVE IT.,fear
Feeling so blessed and joyful right now. Seriously.,joy
You've got to be kidding me! Just saying.,surprise
Life is amazing right now!,joy
I failed again. I'm so disappointed in myself.,sadness
I'M TOTALLY GROSSED OUT BY THIS. WOW.,disgust
Couldn't ask for anything more.,joy
I wish I could unsee that. Just saying.,disgust
I HAVE A REALLY BAD FEELING ABOUT THIS...,fear
The weather is cloudy today....,neutral
"Whoa, that was completely unexpected. For real.",surprise
I am so incredibly happy today!,joy
Here is the link to the document. No way.,neutral
I can't believe my eyes! Honestly.,surprise
I'm listening to a podcast about history.,neutral
"What a wonderful surprise, thank you! No way.",joy
I feel so completely heartbroken and lost.,sadness
That's just foul and inappropriate.,disgust
The world feels so gray and lifeless.,sadness
Why does everything always have to end in tears?,sadness
I'm just a shadow of who I used to be.,sadness
WOW! I DID NOT SEE THAT COMING AT ALL!,surprise
I'm dreading the outcome of this meeting. Bro.,fear
This grief is unbearable. No way.,sadness
THIS IS A DREAM COME TRUE. SERIOUSLY.,joy
This made my day so much better. Can't believe it.,joy
It's hard to find the motivation to get out of bed.,sadness
This news honestly scares me. For real.,fear
I'm afraid to even speak up about it. Honestly.,fear
I can't stop worrying about it.,fear
I'm so excited for the weekend! No way.,joy
The incompetence is staggering.,anger
It's just slimy and weird. Seriously.,disgust
"OH MY GOODNESS, REALLY?! SERIOUSLY.",surprise
Mind blown. Simply incredible.,surprise
Lunch will be served at noon. Bro.,neutral
This is the best news I've heard all year!!!,joy
This made my day so much better. Seriously.,joy
"My heart is racing, I'm so nervous.",fear
What a gross thing to say online. For real.,disgust
READING A TEXTBOOK FOR CLASS.,neutral
THIS IS A DREAM COME TRUE. CAN'T BELIEVE IT.,joy
"Oh my goodness, really?!!!",surprise
I walked to the park this morning. For real.,neutral
I've about had it with these constant delays.,anger
THE INCOMPETENCE IS STAGGERING.,anger
The cat is sleeping on the sofa.,neutral
I can't believe my eyes! Wow.,surprise
The world feels so gray and lifeless.,sadness
Simply wonderful and delightful. Seriously.,joy
I bought some milk from the store....,neutral
That's the last thing I thought would happen.,surprise
IT FEELS LIKE SOMETHING IS WATCHING ME.,fear
I am so furious about this new update!,anger
The sheer lack of hygiene is disturbing. Bro.,disgust
It feels like something is watching me.,fear
I wish I could unsee that. Honestly.,disgust
THIS HORROR MOVIE IS GIVING ME NIGHTMARES. NO WAY....,fear
Feeling so blessed and joyful right now.,joy
This horror movie is giving me nightmares. Bro.,fear
I'm listening to a podcast about history.,neutral
"Oh my goodness, really?!",surprise
I wish I could unsee that....,disgust
WHY IS EVERYTHING ALWAYS BROKEN? I AM SO MAD. NO WAY.,anger
I HAVE TWO APPOINTMENTS TODAY. BRO.,neutral
WHAT?! THAT IS CRAZY!,surprise
This is genuinely disgusting behavior.,disgust
This is the worst customer service I have ever experienced.,anger
This makes my blood boil.,anger
I feel so completely heartbroken and lost.?!,sadness
I will go to sleep at 10 PM.,neutral
WHY IS EVERYTHING ALWAYS BROKEN? I AM SO MAD. HONESTLY.,anger
STOP IGNORING THE COMMUNITY'S COMPLAINTS!,anger
This is the best news I've heard all year!!! No way.,joy
This makes my blood boil. Honestly.,anger
The bus stops at every corner.,neutral
The cat is sleeping on the sofa.,neutral
Makes me want to wash my eyes out. Wow.,disgust
This grief is unbearable. Wow.,sadness
The uncertainty is paralyzing.,fear
The sheer lack of hygiene is disturbing. Honestly.,disgust
What?! That is crazy! For real.,surprise
I keep reliving the same painful memories. For real.,sadness
Nobody understands how much I'm struggling.,sadness
THIS IS A BLUE CUP ON THE TABLE. HONESTLY.,neutral
I FEEL SO VULNERABLE AND UNSAFE.,fear
It's hard to find the motivation to get out of bed.,sadness
Couldn't ask for anything more.,joy
I'm listening to a podcast about history. Wow.?!,neutral
I'm jumpy and on edge all day. Seriously.!!,fear
It's just slimy and weird. Just saying.,disgust
The train arrived exactly on time. No way.,neutral
THIS IS THE WORST CUSTOMER SERVICE I HAVE EVER EXPERIENCED.,anger
HERE IS THE LINK TO THE DOCUMENT.,neutral
I MISS THEM SO MUCH IT HURTS.,sadness
I am so furious about this new update! No way.,anger
I FEEL SO COMPLETELY HEARTBROKEN AND LOST. WOW.,sadness
"I could scream, this is so frustrating.",anger
I miss them so much it hurts. Seriously....,sadness
That is just plain wrong on so many levels.,disgust
I WILL GO TO SLEEP AT 10 PM.,neutral
The weather is cloudy today.,neutral
That is just plain wrong on so many levels. No way.?!,disgust
I MISS THEM SO MUCH IT HURTS. FOR REAL.,sadness
The thought of losing this terrifies me.,fear
This is the worst customer service I have ever experienced.,anger
What if everything goes wrong tomorrow?,fear
"I'm shaking, that was a close call. Just saying.",fear
I'm totally grossed out by this. Wow....,disgust
I'm cringing so hard right now. For real.,disgust
Stop ignoring the community's complaints! No way.,anger
Mind blown. Simply incredible.,surprise
This horror movie is giving me nightmares.,fear
What if everything goes wrong tomorrow? For real.!!,fear
So worried and anxious right now. Can't believe it.,fear
I'm seething with rage right now. No way.?!,anger
"Total plot twist, I'm stunned. For real.",surprise
I'm absolutely speechless.,surprise
Astonishing turn of events! Just saying.?!,surprise
I'm so excited for the weekend! No way.,joy
The world feels so gray and lifeless. No way.,sadness
The cat is sleeping on the sofa. For real.,neutral
I'm on cloud nine!,joy
I'M JUST TIRED OF FEELING THIS WAY.,sadness
I can't believe my eyes!,surprise
Wow! I did not see that coming at all! For real.,surprise
What a bolt from the blue! For real.,surprise
The bus stops at every corner. Just saying.,neutral
I feel so vulnerable and unsafe. For real.,fear
"I'M PANICKING, I DON'T KNOW WHAT TO DO.",fear
I'm so excited for the weekend! Just saying.,joy
I'm dreading the outcome of this meeting.,fear
SUCH TOXIC AND SICKENING PEOPLE.!!,disgust
I'm afraid to even speak up about it. Wow.,fear
EVERYTHING I LOVE SEEMS TO SLIP AWAY.,sadness
The bus stops at every corner. Honestly.!!,neutral
Absolutely overjoyed and smiling from ear to ear. No way.,joy
I feel like a burden to everyone around me. Can't believe it.,sadness
This made my day so much better. Seriously.,joy
THE WORLD FEELS SO GRAY AND LIFELESS. SERIOUSLY.,sadness
Give me a refund right now! For real.,anger
Reading a textbook for class. Can't believe it.,neutral
"UGH, THAT'S SO OILY AND GROSS.",disgust
"I'm panicking, I don't know what to do.",fear
I've about had it with these constant delays.,anger
"WHAT A WONDERFUL SURPRISE, THANK YOU! JUST SAYING.",joy
I can't believe my eyes!,surprise
Just finishing up some routine work. Seriously.,neutral
"Please help, I'm genuinely scared. Just saying.",fear
The bus stops at every corner. Wow.,neutral
I WALKED TO THE PARK THIS MORNING. SERIOUSLY.,neutral
Couldn't ask for anything more. For real.,joy
I've about had it with these constant delays.,anger
I'M SO EXCITED FOR THE WEEKEND! JUST SAYING.,joy
Lunch will be served at noon. Wow.,neutral
This is pure bliss.,joy
What a bolt from the blue!?!,surprise
IT'S LIKE THEY'RE TRYING TO MAKE US MAD.,anger
Tears of joy streaming down my face! Can't believe it.,joy
I am extremely disappointed and angry.,anger
WHY IS EVERYTHING ALWAYS BROKEN? I AM SO MAD.,anger
I am typing on my keyboard. Wow.,neutral
JUST CRYING IN MY ROOM. THIS HURTS SO MUCH. CAN'T BELIEVE IT.,sadness
Can't believe they would do something so stupid. No way.!!,anger
It's hard to find the motivation to get out of bed. Bro.,sadness
The world feels so gray and lifeless. Bro.,sadness
This horror movie is giving me nightmares.,fear
I've about had it with these constant delays.,anger
I keep reliving the same painful memories. Seriously.,sadness
The meeting is scheduled for tomorrow. Bro.,neutral
What a gross thing to say online. Seriously.,disgust
ABSOLUTELY RIDICULOUS BEHAVIOR FROM THIS COMPANY.,anger
What a bolt from the blue! No way.,surprise
The report is due by Friday. Wow.,neutral
What?! That is crazy! Bro.,surprise
Such toxic and sickening people.,disgust
"Wait, is this actually happening?",surprise
The water is at room temperature. No way.,neutral
Reading a textbook for class.,neutral
Stop ignoring the community's complaints!,anger
THAT IS JUST PLAIN WRONG ON SO MANY LEVELS. WOW.,disgust
The train arrived exactly on time. Just saying.,neutral
"Whoa, that was completely unexpected.",surprise
I am extremely disappointed and angry. Bro.,anger
"I'm shaking, that was a close call.",fear
I am extremely disappointed and angry.,anger
I was NOT expecting that response.,surprise
THE FUTURE LOOKS SO DARK AND THREATENING.,fear
THE BUS STOPS AT EVERY CORNER.,neutral
"Ugh, that's so oily and gross.",disgust
THE WEATHER IS CLOUDY TODAY.,neutral
"Oh my goodness, really?!",surprise
I AM EXTREMELY DISAPPOINTED AND ANGRY.,anger
LOVING EVERY SECOND OF THIS BEAUTIFUL MORNING.,joy
Mind blown. Simply incredible. For real.!!,surprise
That smells terrible. Honestly.,disgust
The world feels so gray and lifeless. Can't believe it.,sadness
THIS IS AN INSULT TO THE USERS.!!,anger
Wow! I did not see that coming at all!!!!,surprise
I hate it when people don't listen. Honestly.,anger
"Wait, is this actually happening? Honestly.",surprise
I'm just tired of feeling this way.,sadness
"Ugh, that's so oily and gross. For real.",disgust
"I'm shaking, that was a close call.",fear
This is pure bliss. For real.,joy
THIS IS THE WORST CUSTOMER SERVICE I HAVE EVER EXPERIENCED.,anger
I can't stop worrying about it. Just saying.,fear
This is a blue cup on the table. Wow.,neutral
Heart full of happiness and gratitude.,joy
Heart full of happiness and gratitude. No way.,joy
Why does everything always have to end in tears? For real.,sadness
I can't believe people find this appealing.!!!,disgust
I'M JUST TIRED OF FEELING THIS WAY.,sadness
"TOTAL PLOT TWIST, I'M STUNNED. HONESTLY.!!",surprise
ABSOLUTELY VILE AND NASTY.!!,disgust
I'm jumpy and on edge all day.,fear
THE REPORT IS DUE BY FRIDAY.,neutral
This makes my blood boil. Can't believe it.,anger
This news honestly scares me. Wow.,fear
Astonishing turn of events! Seriously.,surprise
"Ugh, that's so oily and gross. Can't believe it.",disgust
Absolutely vile and nasty. Can't believe it.,disgust
I'm totally grossed out by this....,disgust
I can't stop worrying about it. For real.,fear
The train arrived exactly on time.,neutral
Just crying in my room. This hurts so much. Just saying....,sadness
Loving every second of this beautiful morning. Bro.,joy
I'm afraid to even speak up about it. No way.,fear
I MISS THEM SO MUCH IT HURTS.,sadness
My jaw just dropped.,surprise
"Total plot twist, I'm stunned. Bro.",surprise
HEART FULL OF HAPPINESS AND GRATITUDE. FOR REAL.,joy
The future looks so dark and threatening. Seriously.,fear
This is pure bliss.,joy
It's hard to find the motivation to get out of bed. Seriously.,sadness
I'M TERRIFIED TO CHECK MY BANK ACCOUNT. WOW.,fear
I'm seething with rage right now.,anger
I'm terrified of what might happen next.,fear
I COULDN'T BE HAPPIER WITH THESE RESULTS.,joy
Wow! I did not see that coming at all! Wow.,surprise
My jaw just dropped. Just saying.,surprise
"SUDDENLY, EVERYTHING CHANGED. FOR REAL.",surprise
The weather is cloudy today. Can't believe it.,neutral
The water is at room temperature. No way.,neutral
I was NOT expecting that response. Honestly.,surprise
Just checking my emails. Honestly.,neutral
THAT IS JUST PLAIN WRONG ON SO MANY LEVELS.,disgust
THE MEETING IS SCHEDULED FOR TOMORROW.,neutral
THE WORLD FEELS SO GRAY AND LIFELESS.,sadness
TEARS OF JOY STREAMING DOWN MY FACE!,joy
Nobody understands how much I'm struggling. Bro.,sadness
Wow! I did not see that coming at all! Seriously.?!,surprise
"I'm shaking, that was a close call. No way.",fear
You've got to be kidding me!,surprise
The future looks so dark and threatening.,fear
The uncertainty is paralyzing. Just saying.,fear
A tragic ending to a beautiful story. No way.,sadness
WHY DOES EVERYTHING ALWAYS HAVE TO END IN TEARS? JUST SAYING.,sadness
I'M TOTALLY GROSSED OUT BY THIS. JUST SAYING.,disgust
I am typing on my keyboard. No way....,neutral
I'm dreading the outcome of this meeting.,fear
I'm terrified to check my bank account. Bro.,fear
I hate it when people don't listen. Can't believe it.,anger
I WALKED TO THE PARK THIS MORNING. WOW.,neutral
The sheer lack of hygiene is disturbing. Just saying.,disgust
Stop ignoring the community's complaints!,anger
I AM TYPING ON MY KEYBOARD.?!,neutral
I FEEL PHYSICALLY SICK LOOKING AT THIS.,disgust
I have two appointments today.,neutral
"WAIT, IS THIS ACTUALLY HAPPENING? CAN'T BELIEVE IT.",surprise
That's just foul and inappropriate.!!!,disgust
SO WORRIED AND ANXIOUS RIGHT NOW. SERIOUSLY.,fear
I'm listening to a podcast about history. Seriously.,neutral
I'm afraid to even speak up about it. Honestly.,fear
That smells terrible. Bro.,disgust
LUNCH WILL BE SERVED AT NOON. CAN'T BELIEVE IT.,neutral
THE FUTURE LOOKS SO DARK AND THREATENING.,fear
I'M JUST A SHADOW OF WHO I USED TO BE.,sadness
THE MEETING IS SCHEDULED FOR TOMORROW. CAN'T BELIEVE IT....,neutral
Reading a textbook for class. Bro.,neutral
THIS IS A BLUE CUP ON THE TABLE.,neutral
I'm in complete shock right now. No way.,surprise
So worried and anxious right now. Wow.?!,fear
MY JAW JUST DROPPED.,surprise
Makes me want to wash my eyes out. Just saying.,disgust
I miss them so much it hurts. Honestly.,sadness
I FAILED AGAIN. I'M SO DISAPPOINTED IN MYSELF.,sadness
Loving every second of this beautiful morning.,joy
I'M DONE WITH THIS SERVICE FOREVER. CAN'T BELIEVE IT.,anger
Absolutely overjoyed and smiling from ear to ear. No way.,joy
EVERYTHING IS FINALLY COMING TOGETHER PERFECTLY.!!!,joy
I'M ABSOLUTELY SPEECHLESS. BRO.,surprise
I walked to the park this morning. No way.,neutral
Here is the link to the document. Wow.,neutral
I FEEL LIKE A BURDEN TO EVERYONE AROUND ME. FOR REAL.,sadness
STOP IGNORING THE COMMUNITY'S COMPLAINTS! SERIOUSLY.,anger
"What a wonderful surprise, thank you! Just saying.",joy
What if everything goes wrong tomorrow? No way.,fear
I need to buy some new shoes.,neutral
I'm terrified of what might happen next. Wow.,fear
"Whoa, that was completely unexpected.",surprise
I need to buy some new shoes. For real.!!!,neutral
WHAT A BOLT FROM THE BLUE!,surprise
Everything just feels so empty. Just saying.?!,sadness
You've got to be kidding me! Seriously.,surprise
This made my day so much better. No way.,joy
I'M CRINGING SO HARD RIGHT NOW....,disgust
"My heart is racing, I'm so nervous. For real.",fear
I will go to sleep at 10 PM.,neutral
That's just foul and inappropriate. For real.,disgust
Why does everything always have to end in tears?,sadness
Astonishing turn of events!,surprise
I'm afraid to even speak up about it. Bro.,fear
That is just plain wrong on so many levels.,disgust
I feel so lucky to have such great friends. No way.,joy
I miss them so much it hurts. No way.,sadness
THE SILENCE IS DEAFENING AND LONELY.,sadness
Why is everything always broken? I am so mad. For real.,anger
I wish I could unsee that. Honestly.,disgust
I WILL GO TO SLEEP AT 10 PM. NO WAY.?!,neutral
Couldn't ask for anything more.,joy
Stop ignoring the community's complaints!,anger
The weather is cloudy today.!!,neutral
I keep reliving the same painful memories. Honestly.,sadness
The incompetence is staggering....,anger
"Waste of time and money, I'm livid. Just saying.",anger
Feeling incredibly depressed and lonely tonight. Honestly.,sadness
Lunch will be served at noon. Wow.,neutral
Everything I love seems to slip away. Wow.,sadness
I bought some milk from the store.,neutral
Absolutely ridiculous behavior from this company. No way.,anger
I keep reliving the same painful memories. Just saying.,sadness
What?! That is crazy! Wow.,surprise
This is pure bliss. Just saying.,joy
It's just slimy and weird. For real.,disgust
Stop ignoring the community's complaints! Wow.,anger
Wow! I did not see that coming at all!,surprise
This is pure bliss.,joy
It's hard to find the motivation to get out of bed.,sadness
Why does everything always have to end in tears? No way.,sadness
WHY DOES EVERYTHING ALWAYS HAVE TO END IN TEARS? HONESTLY.,sadness
I am extremely disappointed and angry. No way.,anger
I'M DONE WITH THIS SERVICE FOREVER. FOR REAL.,anger
I miss them so much it hurts.,sadness
"Yay, we finally did it! So proud of the team.",joy
"Whoa, that was completely unexpected. Honestly.",surprise
THAT IS JUST PLAIN WRONG ON SO MANY LEVELS.,disgust
Can't believe they would do something so stupid. Can't believe it.,anger
I'm listening to a podcast about history. Wow.,neutral
Didn't expect to run into you here! Wow.,surprise
A tragic ending to a beautiful story.,sadness
"Please help, I'm genuinely scared. Can't believe it.",fear
I'm afraid to even speak up about it. Honestly.,fear
I hate it when people don't listen.,anger
Astonishing turn of events!,surprise
Reading a textbook for class. Seriously.,neutral
I have two appointments today. Bro.,neutral
I feel like a burden to everyone around me.,sadness
What a bolt from the blue! Just saying.,surprise
I'm listening to a podcast about history. Can't believe it.,neutral
This is pure bliss.,joy
This grief is unbearable. Wow.!!,sadness
Tears of joy streaming down my face!,joy
Tears of joy streaming down my face!,joy
Can't believe they would do something so stupid. Just saying.!!,anger
I wish I could unsee that. Can't believe it.,disgust
"Waste of time and money, I'm livid.?!",anger
Why does everything always have to end in tears?,sadness
I wish I could unsee that.!!!,disgust
YOU'VE GOT TO BE KIDDING ME!,surprise
Here is the link to the document. Wow.,neutral
I feel so hopeless and forgotten. For real.,sadness
"Wait, is this actually happening?",surprise
Absolutely ridiculous behavior from this company. No way.,anger
THAT IS JUST PLAIN WRONG ON SO MANY LEVELS. BRO.!!!,disgust
Heart full of happiness and gratitude.,joy
IT'S HARD TO FIND THE MOTIVATION TO GET OUT OF BED. JUST SAYING.,sadness
I'm jumpy and on edge all day. Seriously.,fear
This is totally unacceptable! Honestly.!!!,anger
What a gross thing to say online. Can't believe it.,disgust
Just checking my emails.,neutral
Absolutely vile and nasty. No way.,disgust
I'm on cloud nine! Bro....,joy
Just finishing up some routine work.,neutral
Loving every second of this beautiful morning. Wow.,joy
I am extremely disappointed and angry. Bro.,anger
The water is at room temperature.,neutral
JUST FINISHING UP SOME ROUTINE WORK. HONESTLY.,neutral
"Ugh, that's so oily and gross.",disgust
It feels like something is watching me.,fear
I can't believe people find this appealing.,disgust
Absolutely ridiculous behavior from this company. Can't believe it.,anger
Why does everything always have to end in tears? Wow.,sadness
GIVE ME A REFUND RIGHT NOW!,anger
"I'M PANICKING, I DON'T KNOW WHAT TO DO. FOR REAL.",fear
"Total plot twist, I'm stunned.",surprise
I'm in complete shock right now. Just saying.,surprise
"Wait, is this actually happening?",surprise
Just finishing up some routine work. Seriously.,neutral
Simply wonderful and delightful.,joy
Loving every second of this beautiful morning. Just saying.,joy
Can't believe they would do something so stupid. Seriously.,anger
So worried and anxious right now. Honestly.,fear
This is an insult to the users.,anger
"Oh my goodness, really?! Seriously.",surprise
"OH MY GOODNESS, REALLY?!",surprise
"Oh my goodness, really?!",surprise
I miss them so much it hurts.,sadness
Everything just feels so empty....,sadness
Didn't expect to run into you here!,surprise
The sheer lack of hygiene is disturbing. Seriously.,disgust
Everything I love seems to slip away.,sadness
MAKES ME WANT TO WASH MY EYES OUT. BRO.,disgust
"Yay, we finally did it! So proud of the team. Can't believe it.",joy
IT'S LIKE THEY'RE TRYING TO MAKE US MAD. CAN'T BELIEVE IT.,anger
"Whoa, that was completely unexpected. Just saying.",surprise
This is totally unacceptable!,anger
I failed again. I'm so disappointed in myself.,sadness
IT'S LIKE THEY'RE TRYING TO MAKE US MAD. FOR REAL.,anger
What?! That is crazy! Bro.,surprise
Genuinely nauseating content. No way.,disgust
The sheer lack of hygiene is disturbing. Can't believe it.,disgust
JUST CHECKING MY EMAILS.!!!,neutral
WOW! I DID NOT SEE THAT COMING AT ALL!,surprise
Stop ignoring the community's complaints! Bro.,anger
I wish I could unsee that.,disgust
The bus stops at every corner.,neutral
It's hard to even pretend to be okay anymore. Honestly.,sadness
WHAT?! THAT IS CRAZY! CAN'T BELIEVE IT.!!!,surprise
I'm seething with rage right now. For real.,anger
I FEEL SO HOPELESS AND FORGOTTEN.,sadness
"Wait, is this actually happening? Bro.",surprise
Loving every second of this beautiful morning.,joy
The cat is sleeping on the sofa. No way.,neutral
"Wait, is this actually happening? For real.",surprise
Genuinely nauseating content. Can't believe it.,disgust
Can't believe they would do something so stupid....,anger
Didn't expect to run into you here!,surprise
The world feels so gray and lifeless. Just saying.,sadness
"WHOA, THAT WAS COMPLETELY UNEXPECTED. JUST SAYING.",surprise
"Total plot twist, I'm stunned.",surprise
THE CAT IS SLEEPING ON THE SOFA. JUST SAYING.,neutral
"Whoa, that was completely unexpected. Wow.",surprise
"WHOA, THAT WAS COMPLETELY UNEXPECTED. SERIOUSLY.",surprise
I hate it when people don't listen.!!,anger
I FEEL SO HOPELESS AND FORGOTTEN. WOW.,sadness
"Please help, I'm genuinely scared.",fear
Everything is finally coming together perfectly.?!,joy
The cat is sleeping on the sofa. For real.,neutral
"What a wonderful surprise, thank you! Honestly.",joy
You've got to be kidding me! Honestly.,surprise
That smells terrible.,disgust
I couldn't be happier with these results.,joy
Lunch will be served at noon. Honestly.,neutral
"Oh my goodness, really?!",surprise
I feel so vulnerable and unsafe.,fear
Everything just feels so empty.,sadness
The bus stops at every corner. Wow.,neutral
Such toxic and sickening people. Wow.,disgust
I feel so lucky to have such great friends.,joy
THIS IS GENUINELY DISGUSTING BEHAVIOR. NO WAY.,disgust
"WASTE OF TIME AND MONEY, I'M LIVID.",anger
It feels like something is watching me.,fear
I will go to sleep at 10 PM.,neutral
The future looks so dark and threatening. Can't believe it.,fear
Didn't expect to run into you here!,surprise
THIS IS THE BEST NEWS I'VE HEARD ALL YEAR!!!,joy
THAT'S THE LAST THING I THOUGHT WOULD HAPPEN. CAN'T BELIEVE IT.,surprise
Just crying in my room. This hurts so much.,sadness
This is pure bliss.!!!,joy
"Yay, we finally did it! So proud of the team.",joy
I'm just tired of feeling this way. Honestly.,sadness
WOW! I DID NOT SEE THAT COMING AT ALL!,surprise
THIS IS AN INSULT TO THE USERS. JUST SAYING.,anger
That's just foul and inappropriate. Seriously.,disgust
Give me a refund right now! Seriously.,anger
A tragic ending to a beautiful story. Honestly.,sadness
SO WORRIED AND ANXIOUS RIGHT NOW.,fear
Absolutely ridiculous behavior from this company.,anger
The thought of losing this terrifies me. Bro.,fear
Everything is finally coming together perfectly.,joy
This is the worst customer service I have ever experienced. Honestly.,anger
Reading a textbook for class.,neutral
That is just plain wrong on so many levels.?!,disgust
This is pure bliss. Wow.,joy
I'm just a shadow of who I used to be. Just saying.,sadness
Give me a refund right now! Seriously.,anger
THIS IS GENUINELY DISGUSTING BEHAVIOR.,disgust
The world feels so gray and lifeless. Bro.,sadness
This is totally unacceptable!,anger
I feel so completely heartbroken and lost.!!!,sadness
"I'M PANICKING, I DON'T KNOW WHAT TO DO.",fear
The report is due by Friday.,neutral
This is a dream come true. For real.,joy
SO WORRIED AND ANXIOUS RIGHT NOW.,fear
How dare they charge us for this garbage? No way.,anger
I'm terrified to check my bank account.,fear
"I could scream, this is so frustrating. Bro.",anger
I walked to the park this morning. Wow.,neutral
The meeting is scheduled for tomorrow. No way.,neutral
I FEEL SO HOPELESS AND FORGOTTEN. NO WAY.,sadness
I'm on cloud nine! Seriously.,joy
A tragic ending to a beautiful story.,sadness
I feel physically sick looking at this. Seriously.,disgust
HERE IS THE LINK TO THE DOCUMENT. JUST SAYING.,neutral
I'm jumpy and on edge all day. For real.,fear
I'm seething with rage right now.,anger
I've about had it with these constant delays.,anger
What a gross thing to say online....,disgust
The bus stops at every corner. Bro.,neutral
It's hard to find the motivation to get out of bed.,sadness
I have two appointments today. Just saying.,neutral
I miss them so much it hurts.,sadness
The train arrived exactly on time. No way....,neutral
A tragic ending to a beautiful story.,sadness
I feel so completely heartbroken and lost.,sadness
"Oh my goodness, really?! No way.",surprise
I can't stop worrying about it.,fear
I am extremely disappointed and angry.,anger
I'm terrified to check my bank account.,fear
THIS HORROR MOVIE IS GIVING ME NIGHTMARES. FOR REAL.,fear
"I COULD SCREAM, THIS IS SO FRUSTRATING.",anger
I'm just tired of feeling this way. Can't believe it.,sadness
"OH MY GOODNESS, REALLY?!",surprise
Astonishing turn of events! Can't believe it.,surprise
Heart full of happiness and gratitude. Honestly.,joy
I'm cringing so hard right now. Just saying.,disgust
Why is everything always broken? I am so mad. Can't believe it.,anger
The water is at room temperature.,neutral
It's just slimy and weird.,disgust
"Eww, this is absolutely repulsive. Bro.",disgust
This is genuinely disgusting behavior. Wow.,disgust
I'm listening to a podcast about history. For real.,neutral
I failed again. I'm so disappointed in myself.,sadness
The silence is deafening and lonely.,sadness
I have a really bad feeling about this...,fear
GIVE ME A REFUND RIGHT NOW!,anger
THIS HORROR MOVIE IS GIVING ME NIGHTMARES. HONESTLY.,fear
I'm absolutely speechless. Just saying.,surprise
I feel so lucky to have such great friends. Just saying.,joy
Life is amazing right now! Seriously.,joy
Couldn't ask for anything more.,joy
I have two appointments today.?!,neutral
Tears of joy streaming down my face!,joy
Genuinely nauseating content.,disgust
"My heart is racing, I'm so nervous. Honestly.",fear
What a bolt from the blue!...,surprise
ABSOLUTELY OVERJOYED AND SMILING FROM EAR TO EAR.,joy
Just finishing up some routine work. Bro.,neutral
HEART FULL OF HAPPINESS AND GRATITUDE.,joy
ABSOLUTELY RIDICULOUS BEHAVIOR FROM THIS COMPANY. BRO.,anger
WHERE DID THAT COME FROM?!,surprise
I'M PLEASANTLY SURPRISED BY THIS!,surprise
I was NOT expecting that response. Honestly.,surprise
THE CAT IS SLEEPING ON THE SOFA. CAN'T BELIEVE IT.,neutral
What a gross thing to say online. Seriously.,disgust
"Yuck, I can't even stand to think about it. Bro.",disgust
That is just plain wrong on so many levels.,disgust
This makes my blood boil.,anger
"Whoa, that was completely unexpected.",surprise
I'm cringing so hard right now....,disgust
I feel so hopeless and forgotten. Wow.,sadness
I'M IN COMPLETE SHOCK RIGHT NOW.,surprise
This is pure bliss.,joy
That's the last thing I thought would happen.,surprise
This made my day so much better.,joy
I HAVE A REALLY BAD FEELING ABOUT THIS... WOW.,fear
I MISS THEM SO MUCH IT HURTS.,sadness
Feeling incredibly depressed and lonely tonight. Wow.,sadness
I'm in complete shock right now. Bro.,surprise
My jaw just dropped.,surprise
I feel so completely heartbroken and lost. Seriously.,sadness
I couldn't be happier with these results.,joy
It's hard to even pretend to be okay anymore.,sadness
Give me a refund right now! Can't believe it.,anger
I'm cringing so hard right now.,disgust
What a gross thing to say online.,disgust
I'M DREADING THE OUTCOME OF THIS MEETING. WOW.,fear
The meeting is scheduled for tomorrow.!!!,neutral
I'm done with this service forever.,anger
Feeling incredibly depressed and lonely tonight. Can't believe it.?!,sadness
THIS IS THE WORST CUSTOMER SERVICE I HAVE EVER EXPERIENCED.,anger
I keep reliving the same painful memories. No way.,sadness
Give me a refund right now! Seriously.,anger
I'm absolutely speechless.,surprise
I walked to the park this morning. No way.,neutral
"I could scream, this is so frustrating.",anger
I can't believe people find this appealing. Can't believe it.,disgust
"What a wonderful surprise, thank you!",joy
MY JAW JUST DROPPED.,surprise
This is an insult to the users. Bro.,anger
I'm absolutely speechless. Honestly.,surprise
What a bolt from the blue!,surprise
I'm afraid to even speak up about it.,fear
I hate it when people don't listen. Bro.,anger
Life is amazing right now! Wow.,joy
I feel so vulnerable and unsafe.,fear
JUST FINISHING UP SOME ROUTINE WORK.,neutral
I'm done with this service forever.,anger
It feels like something is watching me. Wow.,fear
"Oh my goodness, really?!...",surprise
Why is everything always broken? I am so mad.,anger
Lunch will be served at noon. Can't believe it.,neutral
"TOTAL PLOT TWIST, I'M STUNNED. FOR REAL.",surprise
Mind blown. Simply incredible.,surprise
Lunch will be served at noon.,neutral
I CAN'T BELIEVE PEOPLE FIND THIS APPEALING. BRO.,disgust
This grief is unbearable.,sadness
I FAILED AGAIN. I'M SO DISAPPOINTED IN MYSELF. JUST SAYING.,sadness
HEART FULL OF HAPPINESS AND GRATITUDE. NO WAY.,joy
I miss them so much it hurts.,sadness
I AM EXTREMELY DISAPPOINTED AND ANGRY. SERIOUSLY.!!!,anger
I'm seething with rage right now.,anger
I'm just tired of feeling this way.,sadness
"Whoa, that was completely unexpected.",surprise
Absolutely ridiculous behavior from this company. For real.,anger
I feel like a burden to everyone around me. Bro.!!,sadness
I'M TERRIFIED TO CHECK MY BANK ACCOUNT. HONESTLY.,fear
THAT'S THE LAST THING I THOUGHT WOULD HAPPEN. CAN'T BELIEVE IT.,surprise
I failed again. I'm so disappointed in myself. Honestly.,sadness
HEART FULL OF HAPPINESS AND GRATITUDE.,joy
Everything just feels so empty....,sadness
I'M TERRIFIED OF WHAT MIGHT HAPPEN NEXT.,fear
Didn't expect to run into you here!,surprise
"Whoa, that was completely unexpected.",surprise
The thought of losing this terrifies me. Bro.,fear
Everything just feels so empty.,sadness
JUST FINISHING UP SOME ROUTINE WORK. SERIOUSLY.,neutral
Couldn't ask for anything more. Bro.,joy
I'M AFRAID TO EVEN SPEAK UP ABOUT IT.,fear
I'm in complete shock right now. No way.,surprise
ASTONISHING TURN OF EVENTS! WOW....,surprise
THIS FOOD LOOKS MOLDY AND HORRIFYING. WOW.,disgust
It's just slimy and weird. For real.,disgust
Didn't expect to run into you here! Honestly.!!!,surprise
A tragic ending to a beautiful story.,sadness
How dare they charge us for this garbage? Honestly.,anger
This made my day so much better.,joy
"Wait, is this actually happening? Bro.",surprise
This news honestly scares me....,fear
This horror movie is giving me nightmares.,fear
I feel like a burden to everyone around me.,sadness
What?! That is crazy!,surprise
THIS IS TOTALLY UNACCEPTABLE! CAN'T BELIEVE IT.,anger
I'm cringing so hard right now. Can't believe it.,disgust
This grief is unbearable.,sadness
The weather is cloudy today. Can't believe it.,neutral
It feels like something is watching me. For real.,fear
I can't believe people find this appealing.,disgust
This is the best news I've heard all year!!! Can't believe it.,joy
THIS IS A BLUE CUP ON THE TABLE....,neutral
I'm just tired of feeling this way. No way.,sadness
IT'S LIKE THEY'RE TRYING TO MAKE US MAD. HONESTLY.,anger
So worried and anxious right now. Wow.,fear
I'm done with this service forever.,anger
THE WEATHER IS CLOUDY TODAY.,neutral
THE WATER IS AT ROOM TEMPERATURE.,neutral
WHAT IF EVERYTHING GOES WRONG TOMORROW? NO WAY.,fear
I hate it when people don't listen.,anger
The report is due by Friday....,neutral
I WILL GO TO SLEEP AT 10 PM.,neutral
Didn't expect to run into you here! Can't believe it.,surprise
Just checking my emails. No way.,neutral
Where did that come from?!,surprise
"Yay, we finally did it! So proud of the team.",joy
It's hard to find the motivation to get out of bed. Wow.,sadness
I can't believe people find this appealing. Seriously.,disgust
"TOTAL PLOT TWIST, I'M STUNNED.",surprise
I have a really bad feeling about this... Wow.,fear
I'M ABSOLUTELY SPEECHLESS.,surprise
It's just slimy and weird.,disgust
I'm cringing so hard right now.,disgust
"WAIT, IS THIS ACTUALLY HAPPENING?",surprise
Life is amazing right now! Seriously.,joy
That smells terrible.,disgust
"Yay, we finally did it! So proud of the team.",joy
I WAS NOT EXPECTING THAT RESPONSE. FOR REAL.,surprise
EVERYTHING IS FINALLY COMING TOGETHER PERFECTLY.,joy
The train arrived exactly on time.,neutral
That's just foul and inappropriate....,disgust
Such toxic and sickening people. Seriously....,disgust
This is totally unacceptable!,anger
I'm on cloud nine!,joy
IT'S HARD TO EVEN PRETEND TO BE OKAY ANYMORE.,sadness
I feel physically sick looking at this.,disgust
I was NOT expecting that response. No way.,surprise
Simply wonderful and delightful.!!,joy
"MY HEART IS RACING, I'M SO NERVOUS. WOW.",fear
Everything just feels so empty. No way.,sadness
I'm in complete shock right now.,surprise
I'M TERRIFIED OF WHAT MIGHT HAPPEN NEXT.,fear
I'm done with this service forever. Wow.,anger
I'm just tired of feeling this way.,sadness
How dare they charge us for this garbage? Bro.,anger
I'M TERRIFIED TO CHECK MY BANK ACCOUNT. NO WAY.,fear
This makes my blood boil. Just saying.,anger
It's like they're trying to make us mad.,anger
This horror movie is giving me nightmares. Honestly.,fear
Everything I love seems to slip away.,sadness
The cat is sleeping on the sofa.!!,neutral
"Please help, I'm genuinely scared. Wow.",fear
It's like they're trying to make us mad.,anger
The train arrived exactly on time.,neutral
Stop ignoring the community's complaints!,anger
It's hard to even pretend to be okay anymore. Seriously.,sadness
Everything is finally coming together perfectly.,joy
Absolutely overjoyed and smiling from ear to ear.,joy
"I could scream, this is so frustrating.",anger
Just checking my emails. Just saying.,neutral
Absolutely ridiculous behavior from this company.?!,anger
THIS IS PURE BLISS. FOR REAL.,joy
"Ugh, that's so oily and gross. Just saying.",disgust
I'M SO EXCITED FOR THE WEEKEND!,joy
What a bolt from the blue! Just saying.!!!,surprise
YOU'VE GOT TO BE KIDDING ME! CAN'T BELIEVE IT.,surprise
I bought some milk from the store.,neutral
This news honestly scares me. Honestly.,fear
I'm absolutely speechless. Just saying.,surprise
Just checking my emails.,neutral
This horror movie is giving me nightmares. No way.,fear
The train arrived exactly on time.,neutral
The uncertainty is paralyzing. For real.,fear
Everything is finally coming together perfectly.,joy
THAT'S THE LAST THING I THOUGHT WOULD HAPPEN. HONESTLY.,surprise
THIS IS GENUINELY DISGUSTING BEHAVIOR. SERIOUSLY.,disgust
ABSOLUTELY OVERJOYED AND SMILING FROM EAR TO EAR.,joy
I feel physically sick looking at this. Bro.,disgust
"Whoa, that was completely unexpected.!!",surprise
Where did that come from?! Honestly.,surprise
I WAS NOT EXPECTING THAT RESPONSE.,surprise
What if everything goes wrong tomorrow?,fear
FEELING INCREDIBLY DEPRESSED AND LONELY TONIGHT.,sadness
"YUCK, I CAN'T EVEN STAND TO THINK ABOUT IT. FOR REAL.",disgust
This made my day so much better.,joy
Can't believe they would do something so stupid.,anger
Feeling incredibly depressed and lonely tonight. Can't believe it....,sadness
The report is due by Friday.,neutral
I've about had it with these constant delays.,anger
This is the best news I've heard all year!!! Just saying.,joy
This is pure bliss.,joy
I'm terrified to check my bank account. No way.,fear
Just crying in my room. This hurts so much. Just saying.,sadness
The water is at room temperature.,neutral
I'm terrified to check my bank account.,fear
Why is everything always broken? I am so mad.,anger
I CAN'T BELIEVE PEOPLE FIND THIS APPEALING.,disgust
Didn't expect to run into you here! Seriously.,surprise
I will go to sleep at 10 PM. Bro.,neutral
This horror movie is giving me nightmares.,fear
Loving every second of this beautiful morning. Just saying.,joy
"WHOA, THAT WAS COMPLETELY UNEXPECTED. WOW.",surprise
I AM SO FURIOUS ABOUT THIS NEW UPDATE! HONESTLY.,anger
Absolutely vile and nasty.,disgust
Such toxic and sickening people.,disgust
I walked to the park this morning.,neutral
Stop ignoring the community's complaints!?!,anger
THE WEATHER IS CLOUDY TODAY. WOW.,neutral
IT'S HARD TO FIND THE MOTIVATION TO GET OUT OF BED.,sadness
I hate it when people don't listen.,anger
Feeling so blessed and joyful right now. No way.,joy
I am so furious about this new update! Can't believe it.,anger
"Ugh, that's so oily and gross. Bro.",disgust
Feeling so blessed and joyful right now. Seriously.,joy
I'm in complete shock right now. Just saying.,surprise
The silence is deafening and lonely.,sadness
Where did that come from?!,surprise
I keep reliving the same painful memories.,sadness
This is pure bliss. No way.,joy
I'm so excited for the weekend! Seriously.,joy
The train arrived exactly on time.,neutral
MAKES ME WANT TO WASH MY EYES OUT.,disgust
I bought some milk from the store.,neutral
"I'm shaking, that was a close call. Seriously.",fear
I'm so excited for the weekend! Bro.,joy
Life is amazing right now!,joy
This is the worst customer service I have ever experienced.,anger
I feel physically sick looking at this. No way.,disgust
I NEED TO BUY SOME NEW SHOES....,neutral
Feeling so blessed and joyful right now.,joy
"I'm panicking, I don't know what to do. No way.",fear
The silence is deafening and lonely. Wow.,sadness
Reading a textbook for class. Just saying.,neutral
Stop ignoring the community's complaints!,anger
THIS NEWS HONESTLY SCARES ME.,fear
THIS IS TOTALLY UNACCEPTABLE! CAN'T BELIEVE IT.,anger
Makes me want to wash my eyes out. No way.,disgust
Here is the link to the document.,neutral
Life is amazing right now! Wow.,joy
Everything is finally coming together perfectly.,joy
I can't believe people find this appealing. No way.,disgust
"I'm shaking, that was a close call. No way.",fear
This is an insult to the users. Can't believe it.,anger
"Suddenly, everything changed.",surprise
THE THOUGHT OF LOSING THIS TERRIFIES ME. BRO.,fear
LIFE IS AMAZING RIGHT NOW!,joy
Such toxic and sickening people.,disgust
I feel so lucky to have such great friends. For real.,joy
I'M ON CLOUD NINE!,joy
I'VE ABOUT HAD IT WITH THESE CONSTANT DELAYS. BRO.,anger
Lunch will be served at noon.,neutral
Astonishing turn of events!,surprise
"Total plot twist, I'm stunned. No way.",surprise
I can't stop worrying about it. For real.,fear
"Oh my goodness, really?! Just saying.",surprise
It's like they're trying to make us mad. Can't believe it.,anger
"What a wonderful surprise, thank you! Can't believe it.",joy
What a gross thing to say online.,disgust
The water is at room temperature.,neutral
IT'S HARD TO EVEN PRETEND TO BE OKAY ANYMORE. BRO.,sadness
THE FUTURE LOOKS SO DARK AND THREATENING.,fear
The report is due by Friday.,neutral
Genuinely nauseating content.,disgust
That's just foul and inappropriate.,disgust
I've about had it with these constant delays.,anger
THIS MADE MY DAY SO MUCH BETTER. SERIOUSLY.,joy
This made my day so much better. Just saying.,joy
"I'm panicking, I don't know what to do.",fear
"OH MY GOODNESS, REALLY?!",surprise
I feel physically sick looking at this.,disgust
That smells terrible. Can't believe it.,disgust
Astonishing turn of events!,surprise
Just finishing up some routine work. Wow.,neutral
I'm so excited for the weekend!,joy
I need to buy some new shoes.!!,neutral
I'm just a shadow of who I used to be. Can't believe it.,sadness
I can't stop worrying about it. For real.,fear
TEARS OF JOY STREAMING DOWN MY FACE!,joy
This is a dream come true.,joy
Why is everything always broken? I am so mad.,anger
I WISH I COULD UNSEE THAT.,disgust
Astonishing turn of events! Just saying.,surprise
"UGH, THAT'S SO OILY AND GROSS. SERIOUSLY.",disgust
Astonishing turn of events! Seriously.,surprise
I'm listening to a podcast about history.,neutral
THIS IS PURE BLISS. NO WAY.!!!,joy
IT'S LIKE THEY'RE TRYING TO MAKE US MAD.,anger
"Yuck, I can't even stand to think about it. Seriously.",disgust
ABSOLUTELY VILE AND NASTY. CAN'T BELIEVE IT.,disgust
"I'M SHAKING, THAT WAS A CLOSE CALL. FOR REAL.",fear
I'm pleasantly surprised by this!,surprise
Astonishing turn of events! For real.,surprise
Such toxic and sickening people. No way.,disgust
"Yuck, I can't even stand to think about it. Bro.!!",disgust
Tears of joy streaming down my face!,joy
Why is everything always broken? I am so mad.,anger
MAKES ME WANT TO WASH MY EYES OUT. BRO.,disgust
I'm dreading the outcome of this meeting.,fear
Everything is finally coming together perfectly. Honestly.,joy
The water is at room temperature.,neutral
"Yay, we finally did it! So proud of the team. Seriously.",joy
The future looks so dark and threatening.,fear
I hate it when people don't listen.,anger
Can't believe they would do something so stupid.,anger
This grief is unbearable.,sadness
"I'M PANICKING, I DON'T KNOW WHAT TO DO.",fear
Genuinely nauseating content. Seriously.,disgust
Everything I love seems to slip away.,sadness
This is the worst customer service I have ever experienced.,anger
I FEEL SO LUCKY TO HAVE SUCH GREAT FRIENDS. CAN'T BELIEVE IT.,joy
What?! That is crazy!,surprise
I'm afraid to even speak up about it. Can't believe it.!!,fear
That's just foul and inappropriate.,disgust
The report is due by Friday.,neutral
MIND BLOWN. SIMPLY INCREDIBLE. NO WAY.,surprise
I have two appointments today. Wow.,neutral
I need to buy some new shoes. Honestly.,neutral
Simply wonderful and delightful.,joy
NOBODY UNDERSTANDS HOW MUCH I'M STRUGGLING.,sadness
A TRAGIC ENDING TO A BEAUTIFUL STORY. CAN'T BELIEVE IT.,sadness
WHY DOES EVERYTHING ALWAYS HAVE TO END IN TEARS? SERIOUSLY.?!,sadness
ABSOLUTELY VILE AND NASTY. SERIOUSLY.,disgust
I feel so completely heartbroken and lost.,sadness
THIS IS A DREAM COME TRUE. JUST SAYING.,joy
WHAT A BOLT FROM THE BLUE!,surprise
That is just plain wrong on so many levels.,disgust
The weather is cloudy today. Honestly.,neutral
I CAN'T BELIEVE MY EYES!...,surprise
The incompetence is staggering. No way.!!!,anger
I feel so lucky to have such great friends. Just saying.,joy
ABSOLUTELY OVERJOYED AND SMILING FROM EAR TO EAR. CAN'T BELIEVE IT.,joy
I keep reliving the same painful memories. Seriously.,sadness
Why is everything always broken? I am so mad. Just saying.,anger
I am so furious about this new update! Wow.,anger
I'm done with this service forever.,anger
I'm dreading the outcome of this meeting.,fear
I'm on cloud nine! No way.,joy
You've got to be kidding me!,surprise
The weather is cloudy today. No way.,neutral
Such toxic and sickening people. Wow.,disgust
This food looks moldy and horrifying.,disgust
IT'S HARD TO FIND THE MOTIVATION TO GET OUT OF BED. FOR REAL.,sadness
"WASTE OF TIME AND MONEY, I'M LIVID. WOW.",anger
I'M TERRIFIED TO CHECK MY BANK ACCOUNT.,fear
I'm pleasantly surprised by this! For real.,surprise
The bus stops at every corner. Wow.,neutral
Reading a textbook for class. For real.!!,neutral
I have a really bad feeling about this...,fear
Genuinely nauseating content.,disgust
I feel so hopeless and forgotten.,sadness
"WHOA, THAT WAS COMPLETELY UNEXPECTED. JUST SAYING.",surprise
I have two appointments today. For real.,neutral
I walked to the park this morning.,neutral
This is an insult to the users. Honestly.,anger
Everything I love seems to slip away. No way.,sadness
This is an insult to the users. For real.,anger
I feel so lucky to have such great friends.!!,joy
I am extremely disappointed and angry.,anger
"WASTE OF TIME AND MONEY, I'M LIVID.",anger
THE SHEER LACK OF HYGIENE IS DISTURBING.,disgust
FEELING INCREDIBLY DEPRESSED AND LONELY TONIGHT.,sadness
I feel physically sick looking at this. Just saying.,disgust
"Yuck, I can't even stand to think about it.",disgust
A tragic ending to a beautiful story. Wow.,sadness
THE TRAIN ARRIVED EXACTLY ON TIME. SERIOUSLY.,neutral
The cat is sleeping on the sofa.,neutral
The uncertainty is paralyzing. Wow....,fear
"UGH, THAT'S SO OILY AND GROSS.",disgust
Loving every second of this beautiful morning. Just saying.,joy
This is totally unacceptable!,anger
It's hard to even pretend to be okay anymore.,sadness
I'm in complete shock right now. Can't believe it.?!,surprise
The train arrived exactly on time.,neutral
I'm just a shadow of who I used to be.,sadness
WHAT A BOLT FROM THE BLUE! CAN'T BELIEVE IT.,surprise
"WHAT A WONDERFUL SURPRISE, THANK YOU! FOR REAL.",joy
Where did that come from?! Bro.,surprise
I can't stop worrying about it.,fear
I have a really bad feeling about this...,fear
I walked to the park this morning.,neutral
I'M PLEASANTLY SURPRISED BY THIS! HONESTLY.,surprise
I AM SO FURIOUS ABOUT THIS NEW UPDATE! HONESTLY.,anger
What a bolt from the blue! Wow.?!,surprise
This makes my blood boil. Bro.,anger
Makes me want to wash my eyes out. Bro.,disgust
The bus stops at every corner.,neutral
I WAS NOT EXPECTING THAT RESPONSE.,surprise
I failed again. I'm so disappointed in myself.,sadness
The incompetence is staggering.,anger
"Suddenly, everything changed.",surprise
"Suddenly, everything changed. Seriously.",surprise
Where did that come from?!,surprise
I AM SO INCREDIBLY HAPPY TODAY!,joy
I can't believe my eyes! Just saying.,surprise
"Yay, we finally did it! So proud of the team. Can't believe it.",joy
I'M PLEASANTLY SURPRISED BY THIS! WOW.,surprise
Didn't expect to run into you here! Honestly.,surprise
"Waste of time and money, I'm livid. Wow.",anger
This made my day so much better. Seriously.,joy
The future looks so dark and threatening. Seriously.!!,fear
I AM SO FURIOUS ABOUT THIS NEW UPDATE!!!,anger
This food looks moldy and horrifying.,disgust
I'M DONE WITH THIS SERVICE FOREVER. CAN'T BELIEVE IT.,anger
I BOUGHT SOME MILK FROM THE STORE.!!!,neutral
The cat is sleeping on the sofa. Wow.,neutral
"WHOA, THAT WAS COMPLETELY UNEXPECTED.!!",surprise
I am extremely disappointed and angry.,anger
I'm listening to a podcast about history.,neutral
I'm absolutely speechless.,surprise
I'm afraid to even speak up about it.,fear
Just checking my emails. Just saying.,neutral
Why is everything always broken? I am so mad.,anger
"Waste of time and money, I'm livid.",anger
This is the best news I've heard all year!!! Seriously.,joy
I'm absolutely speechless.,surprise
THIS IS GENUINELY DISGUSTING BEHAVIOR. WOW.,disgust
The weather is cloudy today.,neutral
Absolutely ridiculous behavior from this company.,anger
STOP IGNORING THE COMMUNITY'S COMPLAINTS! NO WAY.,anger
I can't believe people find this appealing. No way.,disgust
The cat is sleeping on the sofa. Can't believe it.,neutral
Tears of joy streaming down my face!,joy
I am typing on my keyboard. Wow.,neutral
This horror movie is giving me nightmares.,fear
That's just foul and inappropriate. Can't believe it.,disgust
So worried and anxious right now.,fear
A tragic ending to a beautiful story.,sadness
Why is everything always broken? I am so mad. For real.,anger
I'm seething with rage right now.,anger
THE REPORT IS DUE BY FRIDAY. HONESTLY.,neutral
The uncertainty is paralyzing. Honestly.,fear
How dare they charge us for this garbage? No way.,anger
You've got to be kidding me! Just saying.,surprise
I will go to sleep at 10 PM.,neutral
THE CAT IS SLEEPING ON THE SOFA.,neutral
"Total plot twist, I'm stunned. Honestly.",surprise
"I COULD SCREAM, THIS IS SO FRUSTRATING.",anger
THAT SMELLS TERRIBLE.,disgust
I'VE ABOUT HAD IT WITH THESE CONSTANT DELAYS.,anger
I WAS NOT EXPECTING THAT RESPONSE. CAN'T BELIEVE IT.,surprise
IT FEELS LIKE SOMETHING IS WATCHING ME. CAN'T BELIEVE IT.,fear
Heart full of happiness and gratitude. No way.,joy
Tears of joy streaming down my face! For real.,joy
This is a dream come true.,joy
I HATE IT WHEN PEOPLE DON'T LISTEN. JUST SAYING.,anger
This is genuinely disgusting behavior. Wow.!!,disgust
"Total plot twist, I'm stunned. For real.!!!",surprise
Where did that come from?!,surprise
Tears of joy streaming down my face! Wow.,joy
"Ugh, that's so oily and gross. Honestly.",disgust
Loving every second of this beautiful morning. Just saying.,joy
"Eww, this is absolutely repulsive.",disgust
"Ugh, that's so oily and gross.",disgust
I HAVE TWO APPOINTMENTS TODAY.,neutral
I'M IN COMPLETE SHOCK RIGHT NOW. BRO.,surprise
Genuinely nauseating content.,disgust
I hate it when people don't listen.,anger
The weather is cloudy today. For real.,neutral
This is totally unacceptable! Honestly.,anger
I will go to sleep at 10 PM.,neutral
"Ugh, that's so oily and gross. Seriously.",disgust
The incompetence is staggering.,anger
This is a dream come true. Just saying.,joy
The bus stops at every corner.,neutral
That's just foul and inappropriate.,disgust
I WISH I COULD UNSEE THAT. FOR REAL.,disgust
Just finishing up some routine work. Bro.?!,neutral
Mind blown. Simply incredible.,surprise
I feel so vulnerable and unsafe.,fear
HERE IS THE LINK TO THE DOCUMENT. NO WAY.,neutral
I'M JUMPY AND ON EDGE ALL DAY.!!,fear
This is genuinely disgusting behavior. Can't believe it.,disgust
I CAN'T BELIEVE MY EYES!,surprise
I FEEL LIKE A BURDEN TO EVERYONE AROUND ME. NO WAY.,sadness
This is totally unacceptable! Just saying.,anger
I'm terrified to check my bank account. Can't believe it.,fear
I'm terrified to check my bank account.,fear
This is a blue cup on the table.,neutral
The weather is cloudy today. Just saying.,neutral
You've got to be kidding me! Can't believe it.,surprise
The train arrived exactly on time.,neutral
I am extremely disappointed and angry. No way.,anger
I'm dreading the outcome of this meeting.,fear
"Whoa, that was completely unexpected. Seriously.",surprise
What if everything goes wrong tomorrow?,fear
Stop ignoring the community's complaints! Bro.,anger
I feel so vulnerable and unsafe. Seriously.,fear
"OH MY GOODNESS, REALLY?!",surprise
Absolutely vile and nasty. Just saying.,disgust
I hate it when people don't listen. Just saying.,anger
Absolutely overjoyed and smiling from ear to ear.,joy
I feel physically sick looking at this. No way.,disgust
The weather is cloudy today.,neutral
Just checking my emails.,neutral
Feeling incredibly depressed and lonely tonight. Bro.,sadness
THIS IS AN INSULT TO THE USERS.,anger
Tears of joy streaming down my face!?!,joy
The silence is deafening and lonely.,sadness
I'm totally grossed out by this. For real.,disgust
I'M AFRAID TO EVEN SPEAK UP ABOUT IT. HONESTLY.,fear
That's just foul and inappropriate. Just saying.!!!,disgust
I can't believe people find this appealing. For real.,disgust
This news honestly scares me. For real.,fear
Just finishing up some routine work.,neutral
I feel so hopeless and forgotten.,sadness
"Yuck, I can't even stand to think about it.",disgust
I'm so excited for the weekend! No way.,joy
Astonishing turn of events!,surprise
Feeling so blessed and joyful right now. Can't believe it.,joy
"Suddenly, everything changed.",surprise
Can't believe they would do something so stupid.,anger
The report is due by Friday.,neutral
You've got to be kidding me!,surprise
I'M DREADING THE OUTCOME OF THIS MEETING.,fear
I'm terrified to check my bank account. Honestly.,fear
I'M JUST TIRED OF FEELING THIS WAY.,sadness
I NEED TO BUY SOME NEW SHOES.,neutral
I have a really bad feeling about this... Just saying.,fear
Genuinely nauseating content. For real.!!,disgust
I AM TYPING ON MY KEYBOARD. WOW.,neutral
The world feels so gray and lifeless.,sadness
The uncertainty is paralyzing. For real.,fear
That's the last thing I thought would happen. Just saying.,surprise
So worried and anxious right now. Honestly.,fear
This makes my blood boil. For real.,anger
I can't believe people find this appealing. No way.!!,disgust
I am typing on my keyboard.,neutral
I can't believe my eyes! Can't believe it.,surprise
I couldn't be happier with these results. Bro.,joy
I'm listening to a podcast about history.,neutral
This is an insult to the users.,anger
I feel so vulnerable and unsafe.,fear
That's just foul and inappropriate.,disgust
THE FUTURE LOOKS SO DARK AND THREATENING. FOR REAL.,fear
I am so incredibly happy today! Honestly.,joy
"Total plot twist, I'm stunned.",surprise
I'm totally grossed out by this.,disgust
What if everything goes wrong tomorrow? For real.,fear
"Ugh, that's so oily and gross.!!!",disgust
I AM EXTREMELY DISAPPOINTED AND ANGRY.,anger
The meeting is scheduled for tomorrow.?!,neutral
Lunch will be served at noon. Can't believe it.,neutral
I failed again. I'm so disappointed in myself.,sadness
Where did that come from?! Can't believe it.,surprise
It's just slimy and weird. Bro.,disgust
THE WEATHER IS CLOUDY TODAY.,neutral
The weather is cloudy today.,neutral
I FEEL SO LUCKY TO HAVE SUCH GREAT FRIENDS.,joy
LUNCH WILL BE SERVED AT NOON. JUST SAYING.,neutral
Can't believe they would do something so stupid.,anger
I am extremely disappointed and angry.,anger
The train arrived exactly on time.,neutral
I wish I could unsee that.,disgust
This is the best news I've heard all year!!! Wow.?!,joy
"TOTAL PLOT TWIST, I'M STUNNED.",surprise
Everything just feels so empty.,sadness
You've got to be kidding me!,surprise
I'm terrified of what might happen next.,fear
I failed again. I'm so disappointed in myself.,sadness
I'M PLEASANTLY SURPRISED BY THIS! JUST SAYING.,surprise
"What a wonderful surprise, thank you! Honestly.",joy
It's hard to find the motivation to get out of bed. Wow.,sadness
What a gross thing to say online.,disgust
This makes my blood boil. Seriously.,anger
"Suddenly, everything changed.",surprise
"My heart is racing, I'm so nervous.",fear
The thought of losing this terrifies me.,fear
This made my day so much better.,joy
THE SILENCE IS DEAFENING AND LONELY. WOW.,sadness
THE WEATHER IS CLOUDY TODAY. WOW.,neutral
I feel so hopeless and forgotten.,sadness
Feeling so blessed and joyful right now.,joy
"Wait, is this actually happening?",surprise
THIS IS TOTALLY UNACCEPTABLE! BRO.,anger
I need to buy some new shoes. Wow.,neutral
I'm absolutely speechless. Can't believe it.,surprise
I FEEL SO LUCKY TO HAVE SUCH GREAT FRIENDS. CAN'T BELIEVE IT.,joy
I can't stop worrying about it. Just saying.,fear
THIS FOOD LOOKS MOLDY AND HORRIFYING. BRO.,disgust
Genuinely nauseating content. Seriously.,disgust
I'm seething with rage right now.,anger
I AM TYPING ON MY KEYBOARD.,neutral
"Ugh, that's so oily and gross. Can't believe it.",disgust
I hate it when people don't listen.,anger
I am typing on my keyboard.,neutral
I failed again. I'm so disappointed in myself.,sadness
I will go to sleep at 10 PM. Honestly.,neutral
I wish I could unsee that. Bro.,disgust
"PLEASE HELP, I'M GENUINELY SCARED. SERIOUSLY.",fear
FEELING SO BLESSED AND JOYFUL RIGHT NOW.,joy
THE FUTURE LOOKS SO DARK AND THREATENING.,fear
"Total plot twist, I'm stunned. Wow.",surprise
The silence is deafening and lonely. No way.,sadness
This is the worst customer service I have ever experienced.,anger
What a gross thing to say online. Just saying.,disgust
This horror movie is giving me nightmares.,fear
Absolutely vile and nasty. Honestly.,disgust
I hate it when people don't listen.,anger
I miss them so much it hurts. Wow.,sadness
I KEEP RELIVING THE SAME PAINFUL MEMORIES. WOW.,sadness
That is just plain wrong on so many levels.,disgust
"I could scream, this is so frustrating.!!!",anger
Absolutely overjoyed and smiling from ear to ear.,joy
Just finishing up some routine work. Just saying.,neutral
"Suddenly, everything changed. Just saying.",surprise
It feels like something is watching me. Bro.,fear
Didn't expect to run into you here! Can't believe it....,surprise
Loving every second of this beautiful morning.,joy
Nobody understands how much I'm struggling.,sadness
Genuinely nauseating content. Wow.,disgust
I keep reliving the same painful memories. Honestly.,sadness
I walked to the park this morning.,neutral
I'm on cloud nine! Can't believe it.,joy
This is a dream come true.,joy
What a gross thing to say online.,disgust
Everything I love seems to slip away.,sadness
THIS IS AN INSULT TO THE USERS. CAN'T BELIEVE IT.,anger
This food looks moldy and horrifying. Can't believe it.,disgust
I'm terrified to check my bank account. Wow.,fear
THE SILENCE IS DEAFENING AND LONELY.,sadness
THAT IS JUST PLAIN WRONG ON SO MANY LEVELS.,disgust
"Wait, is this actually happening? Just saying.",surprise
The sheer lack of hygiene is disturbing. For real.,disgust
I have a really bad feeling about this... Bro.!!!,fear
I'm seething with rage right now.,anger
I'm seething with rage right now.,anger
"Oh my goodness, really?! Honestly.",surprise
The water is at room temperature.,neutral
Just checking my emails. Can't believe it.,neutral
This is pure bliss.,joy
Wow! I did not see that coming at all!,surprise
I can't believe people find this appealing.,disgust
I feel so lucky to have such great friends. Wow.!!!,joy
I'm dreading the outcome of this meeting. Wow.,fear
Absolutely vile and nasty. No way.,disgust
ABSOLUTELY VILE AND NASTY.!!,disgust
I was NOT expecting that response.,surprise
It feels like something is watching me. Can't believe it.,fear
I can't stop worrying about it.!!,fear
Reading a textbook for class. No way.,neutral
NOBODY UNDERSTANDS HOW MUCH I'M STRUGGLING. BRO.,sadness
Genuinely nauseating content. For real.,disgust
The world feels so gray and lifeless. Bro.,sadness
I'm listening to a podcast about history.!!!,neutral
That's just foul and inappropriate. Honestly.,disgust
I feel so lucky to have such great friends.,joy
I feel so completely heartbroken and lost. Can't believe it.,sadness
I miss them so much it hurts. No way.,sadness
THIS HORROR MOVIE IS GIVING ME NIGHTMARES. CAN'T BELIEVE IT.,fear
The meeting is scheduled for tomorrow.,neutral
Stop ignoring the community's complaints! Wow.,anger
"UGH, THAT'S SO OILY AND GROSS. HONESTLY.",disgust
The sheer lack of hygiene is disturbing. Can't believe it.,disgust
This horror movie is giving me nightmares. For real.,fear
What a bolt from the blue! Honestly.,surprise
Makes me want to wash my eyes out.!!!,disgust
"Ugh, that's so oily and gross. For real.",disgust
I have two appointments today.,neutral
THIS MADE MY DAY SO MUCH BETTER.!!,joy
THE BUS STOPS AT EVERY CORNER.,neutral
I'm cringing so hard right now.,disgust
WHERE DID THAT COME FROM?! NO WAY.?!,surprise
Just crying in my room. This hurts so much.,sadness
WHY IS EVERYTHING ALWAYS BROKEN? I AM SO MAD.,anger
This is a blue cup on the table.!!,neutral
What a bolt from the blue! Honestly.,surprise
I'M JUMPY AND ON EDGE ALL DAY.,fear
"Yuck, I can't even stand to think about it. Wow.",disgust
JUST CHECKING MY EMAILS.,neutral
THE CAT IS SLEEPING ON THE SOFA. SERIOUSLY.,neutral
I have a really bad feeling about this...,fear
This is the worst customer service I have ever experienced. Honestly.,anger
IT'S HARD TO EVEN PRETEND TO BE OKAY ANYMORE. WOW.,sadness
I walked to the park this morning. Wow....,neutral
A TRAGIC ENDING TO A BEAUTIFUL STORY. WOW.,sadness
This is a dream come true. Bro.,joy
The incompetence is staggering.,anger
Here is the link to the document. Honestly.,neutral
THIS IS A BLUE CUP ON THE TABLE. BRO.,neutral
Stop ignoring the community's complaints!,anger
That is just plain wrong on so many levels.?!,disgust
